2016-06-28T15:49:01.054Z,+0200
2016-06-28T16:50:10.219Z,+0200
2016-06-28T16:55:36.992Z,+0200
2016-06-28T17:14:22.296Z,+0200
2016-06-28T17:50:45.439Z,+0200
2016-06-28T19:11:29.731Z,+0200
2016-06-28T22:30:45.200Z,+0200
2016-06-29T06:26:53.833Z,+0200
2016-06-29T06:44:50.546Z,+0200
2016-06-29T06:47:01.686Z,+0200
2016-06-29T07:50:51.464Z,+0200
2016-06-29T09:53:02.605Z,+0200
2016-06-29T11:42:37.251Z,+0200
2016-06-29T13:00:38.850Z,+0200
2016-06-29T13:03:40.933Z,+0200
2016-06-29T13:29:00.319Z,+0200
2016-06-29T13:38:00.770Z,+0200
2016-06-29T14:54:35.341Z,+0200
2016-06-29T14:58:12.773Z,+0200
2016-06-29T15:27:25.519Z,+0200
2016-06-29T15:33:25.161Z,+0200
2016-06-29T18:22:44.720Z,+0200
2016-06-29T18:24:52.155Z,+0200
2016-06-29T18:50:59.179Z,+0200
2016-06-29T18:54:44.234Z,+0200
2016-06-30T06:40:53.827Z,+0200
2016-06-30T06:44:31.765Z,+0200
2016-06-30T06:50:11.140Z,+0200
2016-06-30T06:54:16.194Z,+0200
2016-06-30T07:32:57.463Z,+0200
2016-06-30T08:05:13.225Z,+0200
2016-06-30T09:07:09.704Z,+0200
2016-06-30T09:43:23.251Z,+0200
2016-06-30T10:21:57.550Z,+0200
2016-06-30T11:15:11.723Z,+0200
2016-06-30T12:38:45.099Z,+0200
2016-06-30T18:08:54.439Z,+0200
2016-06-30T18:54:53.067Z,+0200
2016-06-30T19:45:51.360Z,+0200
2016-07-01T05:53:03.058Z,+0200
2016-07-01T06:28:07.938Z,+0200
2016-07-01T06:46:39.645Z,+0200
2016-07-01T07:39:36.910Z,+0200
2016-07-01T08:16:56.085Z,+0200
2016-07-01T10:57:54.197Z,+0200
2016-07-01T11:45:29.408Z,+0200
2016-07-01T13:22:55.960Z,+0200
2016-07-01T13:45:19.718Z,+0200
2016-07-01T14:15:12.603Z,+0200
2016-07-01T14:50:12.394Z,+0200
2016-07-01T16:51:21.607Z,+0200
2016-07-01T16:51:21.817Z,+0200
2016-07-01T16:51:27.412Z,+0200
2016-07-01T16:51:27.533Z,+0200
2016-07-01T16:59:20.658Z,+0200
2016-07-01T23:10:33.233Z,+0200
2016-07-02T06:10:22.169Z,+0200
2016-07-02T06:17:43.825Z,+0200
2016-07-02T06:22:36.641Z,+0200
2016-07-02T06:31:58.641Z,+0200
2016-07-02T09:54:08.815Z,+0200
2016-07-02T13:25:36.267Z,+0200
2016-07-02T14:11:55.902Z,+0200
2016-07-02T14:23:16.645Z,+0200
2016-07-02T14:35:34.697Z,+0200
2016-07-02T16:36:15.149Z,+0200
2016-07-02T16:53:03.416Z,+0200
2016-07-02T19:01:37.663Z,+0200
2016-07-02T22:55:28.082Z,+0200
2016-07-03T05:59:23.061Z,+0200
2016-07-03T06:45:47.369Z,+0200
2016-07-03T07:36:55.945Z,+0200
2016-07-03T07:52:14.955Z,+0200
2016-07-03T07:58:40.672Z,+0200
2016-07-03T13:11:26.971Z,+0200
2016-07-03T13:16:25.591Z,+0200
2016-07-04T05:02:46.454Z,+0200
2016-07-04T05:12:19.995Z,+0200
2016-07-04T05:43:10.881Z,+0200
2016-07-04T05:43:46.918Z,+0200
2016-07-04T06:08:51.955Z,+0200
2016-07-04T06:36:19.869Z,+0200
2016-07-04T14:02:46.655Z,+0200
2016-07-04T16:32:33.807Z,+0200
2016-07-04T16:32:33.866Z,+0200
2016-07-04T16:40:04.885Z,+0200
2016-07-04T16:46:12.977Z,+0200
2016-07-04T16:47:52.819Z,+0200
2016-07-04T16:48:13.293Z,+0200
2016-07-04T17:07:39.799Z,+0200
2016-07-04T19:13:27.869Z,+0200
2016-07-05T06:08:54.958Z,+0200
2016-07-05T06:20:22.994Z,+0200
2016-07-05T11:06:46.151Z,+0200
2016-07-05T14:27:55.637Z,+0200
2016-07-05T18:00:02.279Z,+0200
2016-07-05T18:00:02.367Z,+0200
2016-07-05T19:05:21.067Z,+0200
2016-07-05T20:15:15.439Z,+0200
2016-07-05T20:18:16.817Z,+0200
2016-07-05T21:08:35.993Z,+0200
2016-07-06T05:23:06.297Z,+0200
2016-07-06T06:39:28.199Z,+0200
2016-07-06T07:04:28.178Z,+0200
2016-07-06T08:10:17.120Z,+0200
2016-07-06T13:10:18.172Z,+0200
2016-07-06T14:29:39.052Z,+0200
2016-07-06T14:41:21.981Z,+0200
2016-07-06T19:47:21.229Z,+0200
2016-07-06T19:47:21.338Z,+0200
2016-07-06T19:47:22.188Z,+0200
2016-07-06T20:07:46.921Z,+0200
2016-07-07T06:47:35.673Z,+0200
2016-07-07T07:04:51.396Z,+0200
2016-07-07T07:13:07.929Z,+0200
2016-07-07T07:21:58.909Z,+0200
2016-07-07T07:31:12.210Z,+0200
2016-07-07T07:51:05.392Z,+0200
2016-07-07T08:18:47.886Z,+0200
2016-07-07T09:25:39.665Z,+0200
2016-07-07T11:32:03.329Z,+0200
2016-07-07T11:58:36.987Z,+0200
2016-07-07T16:26:17.067Z,+0200
2016-07-07T21:33:50.079Z,+0200
2016-07-08T03:12:28.043Z,+0200
2016-07-08T04:16:10.066Z,+0200
2016-07-08T06:09:38.454Z,+0200
2016-07-08T06:09:38.495Z,+0200
2016-07-08T06:10:46.861Z,+0200
2016-07-08T06:14:14.890Z,+0200
2016-07-08T06:18:39.056Z,+0200
2016-07-08T07:33:05.093Z,+0200
2016-07-08T09:01:24.571Z,+0200
2016-07-08T09:05:56.124Z,+0200
2016-07-08T09:22:34.878Z,+0200
2016-07-08T10:02:41.892Z,+0200
2016-07-08T10:21:14.233Z,+0200
2016-07-08T11:49:12.980Z,+0200
2016-07-08T11:59:44.988Z,+0200
2016-07-08T14:10:34.358Z,+0200
2016-07-08T15:29:27.962Z,+0200
2016-07-08T17:55:21.281Z,+0200
2016-07-08T19:03:30.058Z,+0200
2016-07-08T20:51:21.122Z,+0200
2016-07-08T20:51:21.134Z,+0200
2016-07-09T05:08:18.325Z,+0200
2016-07-09T05:38:29.310Z,+0200
2016-07-09T07:49:16.328Z,+0200
2016-07-09T08:41:31.059Z,+0200
2016-07-09T10:06:45.619Z,+0200
2016-07-09T11:04:41.016Z,+0200
2016-07-09T11:04:41.570Z,+0200
2016-07-09T11:20:01.826Z,+0200
2016-07-09T12:42:12.022Z,+0200
2016-07-09T12:55:49.085Z,+0200
2016-07-09T14:06:42.194Z,+0200
2016-07-09T14:17:43.020Z,+0200
2016-07-09T14:52:22.077Z,+0200
2016-07-09T18:28:59.273Z,+0200
2016-07-09T18:28:59.353Z,+0200
2016-07-10T00:34:17.978Z,+0200
2016-07-10T07:57:09.751Z,+0200
2016-07-10T14:18:05.246Z,+0200
2016-07-10T14:18:49.026Z,+0200
2016-07-10T20:36:51.248Z,+0200
2016-07-10T21:38:40.081Z,+0200
2016-07-11T00:27:01.180Z,+0200
2016-07-11T00:36:55.968Z,+0200
2016-07-11T07:01:46.715Z,+0200
2016-07-11T07:24:21.490Z,+0200
2016-07-11T08:27:40.195Z,+0200
2016-07-11T08:42:04.474Z,+0200
2016-07-11T08:42:04.917Z,+0200
2016-07-11T08:42:05.501Z,+0200
2016-07-11T11:31:47.429Z,+0200
2016-07-11T11:31:47.440Z,+0200
2016-07-11T11:34:31.243Z,+0200
2016-07-11T11:55:26.794Z,+0200
2016-07-11T12:19:28.202Z,+0200
2016-07-11T12:37:14.703Z,+0200
2016-07-11T12:47:10.988Z,+0200
2016-07-11T12:47:11.523Z,+0200
2016-07-11T13:51:21.998Z,+0200
2016-07-11T14:16:51.455Z,+0200
2016-07-11T14:45:02.402Z,+0200
2016-07-11T15:52:37.626Z,+0200
2016-07-11T18:43:52.435Z,+0200
2016-07-12T06:22:13.061Z,+0200
2016-07-12T06:44:47.804Z,+0200
2016-07-12T06:50:40.386Z,+0200
2016-07-12T11:43:04.860Z,+0200
2016-07-12T11:51:19.753Z,+0200
2016-07-12T12:08:58.867Z,+0200
2016-07-12T12:24:31.838Z,+0200
2016-07-12T13:25:09.979Z,+0200
2016-07-12T13:29:37.699Z,+0200
2016-07-12T14:28:58.377Z,+0200
2016-07-12T14:41:27.926Z,+0200
2016-07-12T15:03:20.012Z,+0200
2016-07-12T15:24:35.789Z,+0200
2016-07-12T15:34:53.698Z,+0200
2016-07-12T15:41:42.890Z,+0200
2016-07-13T06:58:31.251Z,+0200
2016-07-13T10:36:51.408Z,+0200
2016-07-13T10:36:57.201Z,+0200
2016-07-13T12:41:51.338Z,+0200
2016-07-13T13:34:25.999Z,+0200
2016-07-13T14:50:35.245Z,+0200
2016-07-13T19:02:57.091Z,+0200
2016-07-13T21:24:18.169Z,+0200
2016-07-14T00:02:42.467Z,+0200
2016-07-14T06:39:25.097Z,+0200
2016-07-14T07:59:22.524Z,+0200
2016-07-14T08:14:33.927Z,+0200
2016-07-14T08:15:46.927Z,+0200
2016-07-14T08:15:46.938Z,+0200
2016-07-14T08:15:46.959Z,+0200
2016-07-14T08:23:40.952Z,+0200
2016-07-14T08:35:07.807Z,+0200
2016-07-14T08:55:24.098Z,+0200
2016-07-14T10:05:16.635Z,+0200
2016-07-14T11:43:23.972Z,+0200
2016-07-14T11:51:49.159Z,+0200
2016-07-14T12:15:26.098Z,+0200
2016-07-14T13:09:04.310Z,+0200
2016-07-14T13:56:31.911Z,+0200
2016-07-14T20:51:58.223Z,+0200
2016-07-14T21:07:33.123Z,+0200
2016-07-14T21:09:19.148Z,+0200
2016-07-14T21:39:36.924Z,+0200
2016-07-15T07:50:15.409Z,+0200
2016-07-15T08:03:36.848Z,+0200
2016-07-15T09:24:29.605Z,+0200
2016-07-15T10:05:41.488Z,+0200
2016-07-15T10:25:29.941Z,+0200
2016-07-15T12:11:22.506Z,+0200
2016-07-15T12:18:37.991Z,+0200
2016-07-15T12:22:15.975Z,+0200
2016-07-15T12:25:12.676Z,+0200
2016-07-15T13:58:37.158Z,+0200
2016-07-15T15:42:40.009Z,+0200
2016-07-15T15:50:34.067Z,+0200
2016-07-15T16:08:18.905Z,+0200
2016-07-16T06:29:22.917Z,+0200
2016-07-16T06:30:05.115Z,+0200
2016-07-16T08:44:12.477Z,+0200
2016-07-16T11:58:54.409Z,+0200
2016-07-16T16:58:48.434Z,+0200
2016-07-17T07:10:28.821Z,+0200
2016-07-17T07:12:05.150Z,+0200
2016-07-17T13:00:12.355Z,+0200
2016-07-17T13:16:32.331Z,+0200
2016-07-17T14:25:44.709Z,+0200
2016-07-17T22:41:07.390Z,+0200
2016-07-18T06:28:53.642Z,+0200
2016-07-18T06:38:31.040Z,+0200
2016-07-18T06:42:25.108Z,+0200
2016-07-18T06:53:50.124Z,+0200
2016-07-18T06:53:50.300Z,+0200
2016-07-18T11:45:40.529Z,+0200
2016-07-18T13:40:51.249Z,+0200
2016-07-18T13:40:52.153Z,+0200
2016-07-18T13:40:52.440Z,+0200
2016-07-18T13:59:55.184Z,+0200
2016-07-18T14:33:58.180Z,+0200
2016-07-18T14:34:29.125Z,+0200
2016-07-18T16:33:06.328Z,+0200
2016-07-18T16:49:08.144Z,+0200
2016-07-18T16:49:09.202Z,+0200
2016-07-18T16:56:33.221Z,+0200
2016-07-18T17:02:42.136Z,+0200
2016-07-18T17:06:31.252Z,+0200
2016-07-19T05:13:24.429Z,+0200
2016-07-19T06:37:39.107Z,+0200
2016-07-19T06:40:22.107Z,+0200
2016-07-19T06:40:22.118Z,+0200
2016-07-19T07:19:42.749Z,+0200
2016-07-19T08:19:31.260Z,+0200
2016-07-19T14:24:00.752Z,+0200
2016-07-19T19:08:50.489Z,+0200
2016-07-19T20:01:10.088Z,+0200
2016-07-19T21:26:51.011Z,+0200
2016-07-20T07:00:35.597Z,+0200
2016-07-20T07:22:57.120Z,+0200
2016-07-20T07:24:28.114Z,+0200
2016-07-20T07:53:33.784Z,+0200
2016-07-20T08:09:51.250Z,+0200
2016-07-20T08:34:44.770Z,+0200
2016-07-20T08:44:57.608Z,+0200
2016-07-20T11:34:56.432Z,+0200
2016-07-20T11:54:28.296Z,+0200
2016-07-20T13:49:06.546Z,+0200
2016-07-20T14:14:24.565Z,+0200
2016-07-20T14:38:44.735Z,+0200
2016-07-20T14:51:48.233Z,+0200
2016-07-20T14:52:50.181Z,+0200
2016-07-20T14:56:59.872Z,+0200
2016-07-20T16:15:41.515Z,+0200
2016-07-20T16:25:02.238Z,+0200
2016-07-20T16:25:25.698Z,+0200
2016-07-20T17:38:41.928Z,+0200
2016-07-20T19:49:11.499Z,+0200
2016-07-20T19:59:35.814Z,+0200
2016-07-20T20:58:36.958Z,+0200
2016-07-20T21:15:03.294Z,+0200
2016-07-20T21:19:19.030Z,+0200
2016-07-20T21:29:40.510Z,+0200
2016-07-20T22:09:00.603Z,+0200
2016-07-20T22:39:17.126Z,+0200
2016-07-21T04:52:35.473Z,+0200
2016-07-21T06:58:03.552Z,+0200
2016-07-21T07:03:39.247Z,+0200
2016-07-21T07:25:20.559Z,+0200
2016-07-21T07:50:02.432Z,+0200
2016-07-21T07:57:54.201Z,+0200
2016-07-21T08:09:26.400Z,+0200
2016-07-21T08:24:52.845Z,+0200
2016-07-21T08:28:24.933Z,+0200
2016-07-21T14:50:03.793Z,+0200
2016-07-21T15:41:28.776Z,+0200
2016-07-21T15:54:43.415Z,+0200
2016-07-21T16:03:22.438Z,+0200
2016-07-21T16:13:18.064Z,+0200
2016-07-21T16:35:41.098Z,+0200
2016-07-21T17:09:22.268Z,+0200
2016-07-21T17:17:05.091Z,+0200
2016-07-21T19:22:08.084Z,+0200
2016-07-21T19:29:28.925Z,+0200
2016-07-21T20:00:09.086Z,+0200
2016-07-21T21:05:18.292Z,+0200
2016-07-21T21:27:43.104Z,+0200
2016-07-21T22:01:26.700Z,+0200
2016-07-21T22:20:27.629Z,+0200
2016-07-22T05:23:38.949Z,+0200
2016-07-22T05:37:41.323Z,+0200
2016-07-22T05:40:14.809Z,+0200
2016-07-22T06:20:36.906Z,+0200
2016-07-22T07:30:45.342Z,+0200
2016-07-22T12:30:12.036Z,+0200
2016-07-22T12:40:20.072Z,+0200
2016-07-22T12:45:54.891Z,+0200
2016-07-22T13:40:49.611Z,+0200
2016-07-22T15:01:20.894Z,+0200
2016-07-22T15:28:42.501Z,+0200
2016-07-22T15:30:18.916Z,+0200
2016-07-22T16:21:45.090Z,+0200
2016-07-22T16:59:23.783Z,+0200
2016-07-22T18:53:31.944Z,+0200
2016-07-22T20:11:21.788Z,+0200
2016-07-22T21:52:01.161Z,+0200
2016-07-22T22:28:26.500Z,+0200
2016-07-22T22:37:38.257Z,+0200
2016-07-22T22:42:58.837Z,+0200
2016-07-22T23:00:58.008Z,+0200
2016-07-23T01:05:24.510Z,+0200
2016-07-23T01:10:17.615Z,+0200
2016-07-23T04:28:44.404Z,+0200
2016-07-23T07:31:35.296Z,+0200
2016-07-23T07:47:13.882Z,+0200
2016-07-23T12:26:39.210Z,+0200
2016-07-23T12:46:27.831Z,+0200
2016-07-23T13:31:23.628Z,+0200
2016-07-23T14:50:12.098Z,+0200
2016-07-23T15:53:06.183Z,+0200
2016-07-23T16:15:23.829Z,+0200
2016-07-23T16:25:36.570Z,+0200
2016-07-23T17:29:24.978Z,+0200
2016-07-23T17:32:44.056Z,+0200
2016-07-23T17:44:01.712Z,+0200
2016-07-23T18:12:56.408Z,+0200
2016-07-23T19:07:17.814Z,+0200
2016-07-23T19:08:28.815Z,+0200
2016-07-23T19:22:45.220Z,+0200
2016-07-23T20:51:58.451Z,+0200
2016-07-23T21:16:22.720Z,+0200
2016-07-23T22:25:58.004Z,+0200
2016-07-24T06:10:38.036Z,+0200
2016-07-24T14:08:29.630Z,+0200
2016-07-24T16:13:52.464Z,+0200
2016-07-24T16:25:22.539Z,+0200
2016-07-24T16:38:53.934Z,+0200
2016-07-24T16:39:15.589Z,+0200
2016-07-24T21:51:35.465Z,+0200
2016-07-24T22:55:20.741Z,+0200
2016-07-25T16:24:19.610Z,+0200
2016-07-25T20:04:15.272Z,+0200
2016-07-25T20:44:40.952Z,+0200
2016-07-25T21:05:10.542Z,+0200
2016-07-25T23:13:14.775Z,+0200
2016-07-26T14:38:36.823Z,+0200
2016-07-26T15:00:05.511Z,+0200
2016-07-26T15:18:47.508Z,+0200
2016-07-27T08:56:55.872Z,+0200
2016-07-28T07:46:09.789Z,+0200
2016-07-28T14:29:06.299Z,+0200
2016-07-28T14:32:31.958Z,+0200
2016-07-28T15:18:19.023Z,+0200
2016-07-28T21:47:18.128Z,+0200
2016-07-29T22:02:07.522Z,+0200
2016-07-30T12:30:32.259Z,+0200
2016-07-30T17:30:12.891Z,+0200
2016-07-30T19:15:29.487Z,+0200
2016-07-31T14:44:36.004Z,+0200
2016-07-31T17:03:26.857Z,+0200
2016-07-31T18:18:14.511Z,+0200
2016-08-01T07:14:17.830Z,+0200
2016-08-01T12:00:04.802Z,+0200
2016-08-01T16:46:13.712Z,+0200
2016-08-01T18:51:47.624Z,+0200
2016-08-02T12:13:40.087Z,+0200
2016-08-02T14:57:54.630Z,+0200
2016-08-02T15:51:48.369Z,+0200
2016-08-02T16:40:44.867Z,+0200
2016-08-02T17:14:15.810Z,+0200
2016-08-03T11:33:43.010Z,+0200
2016-08-03T14:25:53.470Z,+0200
2016-08-03T17:56:51.380Z,+0200
2016-08-04T04:59:37.716Z,+0200
2016-08-04T15:51:33.856Z,+0200
2016-08-04T16:23:22.057Z,+0200
2016-08-04T22:35:37.127Z,+0200
2016-08-05T11:46:26.306Z,+0200
2016-08-05T18:12:32.584Z,+0200
2016-08-05T18:14:38.807Z,+0200
2016-08-05T18:36:33.638Z,+0200
2016-08-06T22:18:04.180Z,+0200
2016-08-07T01:45:51.957Z,+0200
2016-08-07T05:49:48.507Z,+0200
2016-08-07T18:52:47.828Z,+0200
2016-08-07T19:00:29.419Z,+0200
2016-08-07T19:06:57.226Z,+0200
2016-08-07T19:22:27.158Z,+0200
2016-08-07T20:22:21.718Z,+0200
2016-08-09T16:40:31.754Z,+0200
2016-08-10T10:32:07.008Z,+0200
2016-08-10T15:04:19.508Z,+0200
2016-08-11T10:54:18.681Z,+0200
2016-08-11T11:05:34.765Z,+0200
2016-08-12T15:59:56.437Z,+0200
2016-08-12T17:34:14.195Z,+0200
2016-08-12T20:09:27.848Z,+0200
2016-08-12T20:09:33.177Z,+0200
2016-08-13T20:46:54.453Z,+0200
2016-08-14T12:15:06.267Z,+0200
2016-08-14T15:43:06.411Z,+0200
2016-08-15T07:49:18.861Z,+0200
2016-08-15T07:52:49.456Z,+0200
2016-08-16T01:35:20.079Z,+0200
2016-08-16T05:37:15.450Z,+0200
2016-08-16T05:49:13.234Z,+0200
2016-08-16T08:11:42.326Z,+0200
2016-08-16T08:18:06.494Z,+0200
2016-08-16T11:21:57.225Z,+0200
2016-08-16T13:13:43.600Z,+0200
2016-08-16T15:15:16.602Z,+0200
2016-08-16T15:57:43.507Z,+0200
2016-08-16T18:57:35.446Z,+0200
2016-08-17T07:32:00.469Z,+0200
2016-08-17T07:40:03.374Z,+0200
2016-08-17T16:04:10.740Z,+0200
2016-08-17T16:19:33.401Z,+0200
2016-08-17T17:37:30.011Z,+0200
2016-08-17T18:26:29.076Z,+0200
2016-08-17T18:27:52.590Z,+0200
2016-08-18T23:46:34.911Z,+0200
2016-08-19T09:45:57.034Z,+0200
2016-08-19T10:12:20.693Z,+0200
2016-08-19T10:16:45.682Z,+0200
2016-08-19T10:17:03.793Z,+0200
2016-08-19T10:17:10.933Z,+0200
2016-08-19T10:45:33.985Z,+0200
2016-08-19T10:51:25.738Z,+0200
2016-08-19T11:48:40.907Z,+0200
2016-08-19T17:46:45.672Z,+0200
2016-08-19T18:55:44.034Z,+0200
2016-08-20T15:56:39.531Z,+0200
2016-08-21T21:15:14.027Z,+0200
2016-08-22T11:34:45.684Z,+0200
2016-08-24T21:25:55.887Z,+0200
2016-08-25T04:52:15.110Z,+0200
2016-08-25T05:03:14.012Z,+0200
2016-08-25T05:12:00.050Z,+0200
2016-08-25T06:46:00.632Z,+0200
2016-08-26T04:51:46.152Z,+0200
2016-08-26T08:17:16.501Z,+0200
2016-08-26T08:24:11.140Z,+0200
2016-08-26T08:57:03.255Z,+0200
2016-08-26T13:28:36.242Z,+0200
2016-08-26T15:34:14.738Z,+0200
2016-08-26T15:36:18.249Z,+0200
2016-08-26T16:38:46.416Z,+0200
2016-08-26T16:54:05.451Z,+0200
2016-08-26T16:55:26.535Z,+0200
2016-08-27T05:42:53.773Z,+0200
2016-08-27T06:29:50.594Z,+0200
2016-08-27T06:37:06.161Z,+0200
2016-08-27T08:01:51.434Z,+0200
2016-08-27T08:11:30.172Z,+0200
2016-08-27T08:20:14.852Z,+0200
2016-08-27T08:20:49.558Z,+0200
2016-08-27T09:41:35.420Z,+0200
2016-08-27T11:24:52.337Z,+0200
2016-08-27T12:15:06.075Z,+0200
2016-08-27T12:24:56.593Z,+0200
2016-08-27T12:29:17.015Z,+0200
2016-08-27T12:32:21.279Z,+0200
2016-08-27T12:52:11.247Z,+0200
2016-08-27T13:13:20.249Z,+0200
2016-08-27T13:36:37.763Z,+0200
2016-08-27T17:03:41.631Z,+0200
2016-08-27T17:04:21.998Z,+0200
2016-08-27T17:05:01.986Z,+0200
2016-08-27T18:30:22.929Z,+0200
2016-08-27T20:46:54.213Z,+0200
2016-08-28T08:18:12.273Z,+0200
2016-08-29T04:41:30.819Z,+0200
2016-08-29T06:44:26.694Z,+0200
2016-08-29T07:10:02.567Z,+0200
2016-08-29T18:44:11.065Z,+0200
2016-08-30T05:08:14.511Z,+0200
2016-08-30T10:16:47.575Z,+0200
2016-08-30T10:20:24.896Z,+0200
2016-08-30T10:44:44.416Z,+0200
2016-08-30T10:44:45.431Z,+0200
2016-08-30T10:51:49.765Z,+0200
2016-08-30T16:50:09.972Z,+0200
2016-08-30T18:02:21.574Z,+0200
2016-08-30T18:06:24.593Z,+0200
2016-08-30T18:26:04.991Z,+0200
2016-08-30T18:27:24.692Z,+0200
2016-08-30T18:38:15.171Z,+0200
2016-08-30T18:41:10.765Z,+0200
2016-08-30T18:54:26.293Z,+0200
2016-08-30T18:56:21.281Z,+0200
2016-08-30T19:00:35.172Z,+0200
2016-08-31T07:17:10.286Z,+0200
2016-08-31T07:18:42.873Z,+0200
2016-08-31T09:43:15.940Z,+0200
2016-08-31T09:43:23.604Z,+0200
2016-08-31T10:17:18.372Z,+0200
2016-08-31T10:47:25.975Z,+0200
2016-08-31T12:09:24.414Z,+0200
2016-08-31T13:26:39.683Z,+0200
2016-08-31T13:34:02.281Z,+0200
2016-08-31T16:42:36.879Z,+0200
2016-08-31T16:50:52.035Z,+0200
2016-08-31T16:59:58.375Z,+0200
2016-08-31T19:08:10.076Z,+0200
2016-08-31T20:20:36.568Z,+0200
2016-08-31T21:03:58.618Z,+0200
2016-09-01T10:13:10.829Z,+0200
2016-09-01T10:33:47.132Z,+0200
2016-09-01T13:41:09.177Z,+0200
2016-09-01T14:10:46.956Z,+0200
2016-09-01T14:39:20.968Z,+0200
2016-09-01T14:42:49.907Z,+0200
2016-09-01T16:01:25.790Z,+0200
2016-09-01T17:13:07.327Z,+0200
2016-09-01T18:35:44.201Z,+0200
2016-09-01T19:50:02.874Z,+0200
2016-09-01T20:02:31.626Z,+0200
2016-09-02T06:32:18.711Z,+0200
2016-09-02T06:37:26.815Z,+0200
2016-09-02T07:20:46.270Z,+0200
2016-09-02T07:34:36.820Z,+0200
2016-09-02T08:24:26.058Z,+0200
2016-09-02T09:32:24.030Z,+0200
2016-09-02T12:07:56.763Z,+0200
2016-09-02T12:58:57.361Z,+0200
2016-09-02T12:59:46.489Z,+0200
2016-09-02T14:12:36.995Z,+0200
2016-09-02T20:27:51.226Z,+0200
2016-09-03T10:36:26.101Z,+0200
2016-09-03T12:34:30.376Z,+0200
2016-09-03T13:04:57.592Z,+0200
2016-09-03T16:57:54.994Z,+0200
2016-09-04T04:50:10.744Z,+0200
2016-09-04T07:07:30.126Z,+0200
2016-09-04T07:50:24.703Z,+0200
2016-09-04T08:03:52.847Z,+0200
2016-09-04T08:39:20.866Z,+0200
2016-09-04T09:11:29.216Z,+0200
2016-09-04T12:31:56.175Z,+0200
2016-09-04T12:43:35.680Z,+0200
2016-09-04T15:49:40.091Z,+0200
2016-09-04T16:21:04.054Z,+0200
2016-09-04T16:36:30.412Z,+0200
2016-09-04T16:53:39.043Z,+0200
2016-09-04T17:37:20.012Z,+0200
2016-09-04T20:18:13.642Z,+0200
2016-09-05T06:37:47.855Z,+0200
2016-09-05T06:42:49.720Z,+0200
2016-09-05T10:21:52.082Z,+0200
2016-09-05T10:31:55.925Z,+0200
2016-09-05T12:18:58.816Z,+0200
2016-09-05T12:27:39.823Z,+0200
2016-09-05T15:11:21.650Z,+0200
2016-09-05T15:39:11.527Z,+0200
2016-09-05T16:37:14.783Z,+0200
2016-09-05T17:40:58.586Z,+0200
2016-09-06T03:58:25.321Z,+0200
2016-09-06T05:55:15.798Z,+0200
2016-09-06T06:08:11.598Z,+0200
2016-09-06T06:08:11.622Z,+0200
2016-09-06T07:05:44.190Z,+0200
2016-09-06T07:53:51.675Z,+0200
2016-09-06T12:44:14.836Z,+0200
2016-09-06T13:10:41.226Z,+0200
2016-09-06T14:46:26.887Z,+0200
2016-09-07T05:16:05.482Z,+0200
2016-09-07T13:01:32.261Z,+0200
2016-09-07T15:20:34.181Z,+0200
2016-09-07T15:24:55.230Z,+0200
2016-09-07T16:31:12.426Z,+0200
2016-09-07T17:24:22.010Z,+0200
2016-09-07T18:29:30.369Z,+0200
2016-09-08T05:35:27.310Z,+0200
2016-09-08T06:03:20.928Z,+0200
2016-09-08T10:39:25.744Z,+0200
2016-09-08T12:34:51.550Z,+0200
2016-09-08T13:05:38.901Z,+0200
2016-09-08T13:47:32.823Z,+0200
2016-09-08T15:01:13.786Z,+0200
2016-09-08T17:04:56.827Z,+0200
2016-09-08T18:51:24.564Z,+0200
2016-09-09T16:29:25.067Z,+0200
2016-09-09T19:03:40.167Z,+0200
2016-09-09T21:53:53.425Z,+0200
2016-09-09T22:10:02.573Z,+0200
2016-09-10T05:22:04.260Z,+0200
2016-09-10T06:54:11.333Z,+0200
2016-09-10T07:21:19.435Z,+0200
2016-09-10T07:33:36.471Z,+0200
2016-09-10T10:19:45.532Z,+0200
2016-09-10T10:43:55.778Z,+0200
2016-09-10T10:55:38.798Z,+0200
2016-09-10T11:24:00.530Z,+0200
2016-09-10T13:40:47.870Z,+0200
2016-09-11T07:45:17.349Z,+0200
2016-09-11T09:59:32.372Z,+0200
2016-09-12T16:47:46.645Z,+0200
2016-09-13T04:28:26.870Z,+0200
2016-09-13T05:56:11.653Z,+0200
2016-09-13T06:03:10.196Z,+0200
2016-09-13T15:51:40.166Z,+0200
2016-09-13T15:56:30.006Z,+0200
2016-09-13T17:00:37.282Z,+0200
2016-09-14T04:26:42.107Z,+0200
2016-09-14T17:15:17.436Z,+0200
2016-09-14T17:50:15.626Z,+0200
2016-09-14T18:50:08.600Z,+0200
2016-09-14T20:37:59.521Z,+0200
2016-09-15T09:56:57.138Z,+0200
2016-09-15T14:35:03.926Z,+0200
2016-09-15T15:36:18.593Z,+0200
2016-09-15T19:00:25.500Z,+0200
2016-09-16T03:51:54.234Z,+0200
2016-09-16T11:57:40.175Z,+0200
2016-09-16T17:39:47.636Z,+0200
2016-09-16T17:41:58.928Z,+0200
2016-09-16T17:42:17.296Z,+0200
2016-09-17T10:35:17.536Z,+0200
2016-09-17T10:42:37.099Z,+0200
2016-09-17T11:04:05.980Z,+0200
2016-09-17T12:06:12.001Z,+0200
2016-09-17T12:46:57.269Z,+0200
2016-09-17T12:50:04.034Z,+0200
2016-09-17T13:54:02.237Z,+0200
2016-09-17T14:53:44.658Z,+0200
2016-09-17T15:13:37.156Z,+0200
2016-09-17T15:48:58.512Z,+0200
2016-09-17T16:31:43.227Z,+0200
2016-09-17T17:27:04.555Z,+0200
2016-09-17T18:03:46.908Z,+0200
2016-09-17T20:59:15.790Z,+0200
2016-09-18T06:20:43.479Z,+0200
2016-09-18T08:22:26.788Z,+0200
2016-09-18T12:02:42.992Z,+0200
2016-09-18T13:46:39.418Z,+0200
2016-09-18T13:46:40.900Z,+0200
2016-09-18T14:47:13.397Z,+0200
2016-09-18T15:23:57.933Z,+0200
2016-09-18T17:05:49.794Z,+0200
2016-09-19T03:33:18.925Z,+0200
2016-09-19T05:50:26.239Z,+0200
2016-09-19T06:12:12.186Z,+0200
2016-09-19T07:44:34.834Z,+0200
2016-09-20T01:54:55.228Z,+0200
2016-09-20T05:00:23.535Z,+0200
2016-09-20T05:06:10.333Z,+0200
2016-09-20T21:07:56.224Z,+0200
2016-09-20T21:07:56.262Z,+0200
2016-09-20T21:07:56.305Z,+0200
2016-09-20T21:37:55.077Z,+0200
2016-09-21T05:52:44.718Z,+0200
2016-09-21T06:12:51.899Z,+0200
2016-09-21T07:26:32.075Z,+0200
2016-09-21T07:33:39.119Z,+0200
2016-09-21T07:49:29.980Z,+0200
2016-09-21T16:37:17.902Z,+0200
2016-09-21T16:42:02.642Z,+0200
2016-09-22T04:15:45.928Z,+0200
2016-09-22T04:23:00.859Z,+0200
2016-09-22T06:03:39.334Z,+0200
2016-09-22T06:28:53.444Z,+0200
2016-09-22T11:44:26.895Z,+0200
2016-09-22T15:02:32.182Z,+0200
2016-09-22T17:29:38.938Z,+0200
2016-09-22T17:31:02.454Z,+0200
2016-09-22T18:18:56.796Z,+0200
2016-09-23T05:02:17.756Z,+0200
2016-09-23T12:28:33.929Z,+0200
2016-09-23T17:17:55.825Z,+0200
2016-09-23T17:18:05.734Z,+0200
2016-09-23T17:18:06.885Z,+0200
2016-09-23T17:20:10.794Z,+0200
2016-09-24T05:59:20.099Z,+0200
2016-09-24T09:20:35.815Z,+0200
2016-09-24T11:00:16.843Z,+0200
2016-09-24T11:17:55.463Z,+0200
2016-09-24T11:44:57.793Z,+0200
2016-09-24T12:13:40.492Z,+0200
2016-09-24T12:22:17.555Z,+0200
2016-09-24T12:57:38.834Z,+0200
2016-09-24T13:30:01.086Z,+0200
2016-09-24T19:21:00.225Z,+0200
2016-09-24T20:52:57.255Z,+0200
2016-09-24T21:06:08.926Z,+0200
2016-09-24T21:07:21.147Z,+0200
2016-09-25T03:57:09.389Z,+0200
2016-09-25T04:04:40.810Z,+0200
2016-09-25T04:23:53.218Z,+0200
2016-09-25T05:34:19.050Z,+0200
2016-09-25T09:00:46.497Z,+0200
2016-09-25T09:05:45.353Z,+0200
2016-09-25T10:07:19.815Z,+0200
2016-09-25T12:32:41.856Z,+0200
2016-09-25T13:18:46.757Z,+0200
2016-09-25T13:24:42.914Z,+0200
2016-09-25T13:28:22.033Z,+0200
2016-09-25T14:16:02.807Z,+0200
2016-09-25T15:46:28.611Z,+0200
2016-09-25T17:00:39.336Z,+0200
2016-09-25T19:07:38.939Z,+0200
2016-09-25T20:15:37.089Z,+0200
2016-09-26T04:50:38.177Z,+0200
2016-09-26T13:37:02.396Z,+0200
2016-09-26T14:33:01.991Z,+0200
2016-09-26T15:42:08.687Z,+0200
2016-09-26T17:48:08.871Z,+0200
2016-09-26T18:31:22.892Z,+0200
2016-09-26T21:02:32.818Z,+0200
2016-09-27T05:18:37.492Z,+0200
2016-09-27T07:58:43.591Z,+0200
2016-09-27T11:01:46.632Z,+0200
2016-09-27T12:40:05.311Z,+0200
2016-09-27T13:44:33.001Z,+0200
2016-09-27T17:27:25.302Z,+0200
2016-09-27T18:03:59.667Z,+0200
2016-09-28T04:22:26.934Z,+0200
2016-09-28T04:49:00.651Z,+0200
2016-09-28T05:07:52.896Z,+0200
2016-09-28T07:27:02.948Z,+0200
2016-09-28T13:38:59.343Z,+0200
2016-09-28T15:42:31.082Z,+0200
2016-09-28T17:15:21.156Z,+0200
2016-09-28T18:26:03.666Z,+0200
2016-09-29T16:15:27.504Z,+0200
2016-09-29T19:27:28.296Z,+0200
2016-09-29T21:59:09.339Z,+0200
2016-09-30T11:08:36.010Z,+0200
2016-09-30T12:27:14.602Z,+0200
2016-09-30T13:56:41.632Z,+0200
2016-09-30T18:31:08.643Z,+0200
2016-09-30T20:05:00.659Z,+0200
2016-10-01T05:09:19.673Z,+0200
2016-10-01T06:50:08.693Z,+0200
2016-10-01T07:31:09.152Z,+0200
2016-10-01T10:34:09.525Z,+0200
2016-10-01T11:06:29.839Z,+0200
2016-10-01T11:57:23.271Z,+0200
2016-10-01T12:35:30.719Z,+0200
2016-10-01T14:32:37.792Z,+0200
2016-10-01T16:38:57.533Z,+0200
2016-10-01T17:31:56.645Z,+0200
2016-10-01T18:24:23.140Z,+0200
2016-10-01T18:43:06.636Z,+0200
2016-10-01T21:25:29.734Z,+0200
2016-10-02T05:07:48.877Z,+0200
2016-10-02T07:27:54.054Z,+0200
2016-10-02T10:37:21.560Z,+0200
2016-10-02T15:09:29.956Z,+0200
2016-10-02T16:07:43.845Z,+0200
2016-10-02T19:05:08.638Z,+0200
2016-10-03T13:23:14.851Z,+0200
2016-10-03T13:26:15.661Z,+0200
2016-10-03T13:26:46.626Z,+0200
2016-10-03T14:02:05.432Z,+0200
2016-10-03T14:25:29.969Z,+0200
2016-10-03T15:04:18.487Z,+0200
2016-10-03T16:41:08.854Z,+0200
2016-10-04T04:20:30.449Z,+0200
2016-10-04T04:57:22.331Z,+0200
2016-10-04T05:25:07.116Z,+0200
2016-10-04T10:46:48.410Z,+0200
2016-10-04T10:56:23.498Z,+0200
2016-10-04T11:02:06.677Z,+0200
2016-10-05T04:58:11.906Z,+0200
2016-10-05T05:16:29.670Z,+0200
2016-10-05T05:32:30.078Z,+0200
2016-10-05T06:35:56.842Z,+0200
2016-10-05T06:52:17.920Z,+0200
2016-10-05T12:10:00.733Z,+0200
2016-10-05T13:56:16.227Z,+0200
2016-10-07T13:40:29.844Z,+0200
2016-10-08T12:41:06.080Z,+0200
2016-10-08T12:41:09.276Z,+0200
2016-10-08T12:47:04.350Z,+0200
2016-10-08T12:47:05.445Z,+0200
2016-10-08T12:58:36.347Z,+0200
2016-10-08T12:58:36.658Z,+0200
2016-10-08T12:58:38.938Z,+0200
2016-10-08T12:58:40.094Z,+0200
2016-10-08T13:12:18.505Z,+0200
2016-10-08T13:12:22.546Z,+0200
2016-10-08T13:12:23.956Z,+0200
2016-10-08T13:13:01.011Z,+0200
2016-10-08T13:14:33.135Z,+0200
2016-10-08T13:14:34.230Z,+0200
2016-10-08T13:14:35.618Z,+0200
2016-10-08T13:14:37.366Z,+0200
2016-10-08T13:14:37.603Z,+0200
2016-10-08T13:14:39.655Z,+0200
2016-10-08T13:14:39.816Z,+0200
2016-10-08T13:14:40.456Z,+0200
2016-10-08T13:14:41.330Z,+0200
2016-10-08T13:18:42.374Z,+0200
2016-10-08T13:18:43.455Z,+0200
2016-10-08T13:18:45.143Z,+0200
2016-10-08T13:18:45.351Z,+0200
2016-10-08T13:21:19.298Z,+0200
2016-10-08T13:21:20.121Z,+0200
2016-10-08T13:27:36.209Z,+0200
2016-10-08T13:37:57.742Z,+0200
2016-10-08T15:16:37.253Z,+0200
2016-10-08T15:16:37.268Z,+0200
2016-10-08T15:16:44.802Z,+0200
2016-10-09T04:13:11.628Z,+0200
2016-10-09T05:13:49.502Z,+0200
2016-10-09T07:23:10.424Z,+0200
2016-10-09T12:29:42.042Z,+0200
2016-10-09T12:46:44.577Z,+0200
2016-10-10T13:22:51.137Z,+0200
2016-10-10T13:22:51.157Z,+0200
2016-10-10T18:50:21.655Z,+0200
2016-10-11T04:56:48.688Z,+0200
2016-10-11T13:37:45.915Z,+0200
2016-10-12T04:50:53.929Z,+0200
2016-10-12T05:16:45.842Z,+0200
2016-10-12T05:19:06.438Z,+0200
2016-10-12T06:19:40.822Z,+0200
2016-10-12T11:33:46.519Z,+0200
2016-10-12T16:28:36.596Z,+0200
2016-10-12T16:28:37.427Z,+0200
2016-10-12T18:45:52.402Z,+0200
2016-10-12T18:51:18.197Z,+0200
2016-10-12T18:51:26.842Z,+0200
2016-10-12T18:58:21.244Z,+0200
2016-10-12T19:14:30.325Z,+0200
2016-10-12T19:16:56.295Z,+0200
2016-10-12T19:17:31.973Z,+0200
2016-10-12T19:19:23.481Z,+0200
2016-10-12T19:19:39.292Z,+0200
2016-10-12T19:30:47.265Z,+0200
2016-10-12T20:19:20.500Z,+0200
2016-10-13T07:03:42.270Z,+0200
2016-10-13T11:25:18.014Z,-0700
2016-10-13T14:54:08.215Z,-0700
2016-10-13T15:02:47.207Z,-0700
2016-10-13T15:33:39.166Z,-0700
2016-10-13T16:18:33.106Z,-0700
2016-10-13T16:43:30.998Z,-0700
2016-10-13T17:30:02.038Z,-0700
2016-10-13T17:33:05.591Z,-0700
2016-10-13T18:38:52.291Z,-0700
2016-10-13T19:10:06.369Z,-0700
2016-10-13T20:41:27.121Z,-0700
2016-10-13T21:34:55.407Z,-0700
2016-10-13T21:42:54.124Z,-0700
2016-10-14T21:54:45.437Z,-0700
2016-10-14T21:54:45.450Z,-0700
2016-10-14T22:13:20.262Z,-0700
2016-10-15T01:40:02.819Z,-0700
2016-10-15T17:14:17.074Z,-0700
2016-10-15T17:49:11.643Z,-0700
2016-10-16T01:20:21.325Z,-0700
2016-10-17T00:52:21.953Z,-0700
2016-10-17T01:25:17.970Z,-0700
2016-10-17T01:55:27.939Z,-0700
2016-10-17T02:22:57.511Z,-0700
2016-10-17T06:56:48.984Z,-0700
2016-10-17T17:26:53.622Z,-0700
2016-10-17T23:48:40.141Z,-0700
2016-10-17T23:49:06.815Z,-0700
2016-10-18T03:06:42.119Z,-0700
2016-10-18T15:03:17.077Z,-0700
2016-10-18T15:32:47.795Z,-0700
2016-10-18T16:16:23.209Z,-0700
2016-10-18T16:16:26.295Z,-0700
2016-10-18T17:47:22.244Z,-0700
2016-10-18T18:38:11.986Z,-0700
2016-10-18T18:51:30.007Z,-0700
2016-10-19T02:09:44.159Z,-0700
2016-10-19T04:06:05.220Z,-0700
2016-10-19T18:41:42.478Z,-0700
2016-10-19T18:41:42.884Z,-0700
2016-10-19T18:41:45.261Z,-0700
2016-10-19T19:51:12.841Z,-0700
2016-10-20T00:40:04.625Z,-0700
2016-10-20T03:23:16.285Z,-0700
2016-10-20T07:41:58.919Z,-0700
2016-10-20T15:33:40.084Z,-0700
2016-10-20T15:41:24.140Z,-0700
2016-10-20T15:59:20.741Z,-0700
2016-10-20T16:40:50.955Z,-0700
2016-10-20T19:44:43.190Z,-0700
2016-10-20T21:39:16.194Z,-0700
2016-10-20T21:53:08.177Z,-0700
2016-10-21T00:03:41.827Z,-0700
2016-10-21T16:09:37.146Z,-0700
2016-10-21T16:16:29.361Z,-0700
2016-10-21T17:04:42.432Z,-0700
2016-10-21T18:38:57.755Z,-0700
2016-10-21T21:22:38.487Z,-0700
2016-10-22T01:35:31.069Z,-0700
2016-10-22T01:35:34.355Z,-0700
2016-10-22T02:56:42.548Z,-0700
2016-10-22T03:46:32.555Z,-0700
2016-10-22T04:11:14.525Z,-0700
2016-10-22T05:17:32.706Z,-0700
2016-10-22T05:17:32.725Z,-0700
2016-10-22T05:17:32.808Z,-0700
2016-10-22T07:02:17.585Z,-0700
2016-10-22T07:03:00.593Z,-0700
2016-10-22T13:46:16.777Z,-0700
2016-10-22T13:52:39.231Z,-0700
2016-10-22T13:54:28.356Z,-0700
2016-10-22T14:32:35.140Z,-0700
2016-10-22T14:38:20.503Z,-0700
2016-10-22T18:45:28.473Z,-0700
2016-10-22T18:47:53.342Z,-0700
2016-10-22T19:02:19.154Z,-0700
2016-10-22T19:02:19.694Z,-0700
2016-10-22T19:06:49.511Z,-0700
2016-10-22T19:23:38.640Z,-0700
2016-10-22T19:45:36.780Z,-0700
2016-10-22T19:55:10.537Z,-0700
2016-10-22T19:57:20.498Z,-0700
2016-10-22T20:09:16.399Z,-0700
2016-10-22T20:38:37.716Z,-0700
2016-10-22T22:30:58.840Z,-0700
2016-10-22T22:45:36.912Z,-0700
2016-10-22T22:59:35.731Z,-0700
2016-10-22T23:44:39.136Z,-0700
2016-10-23T00:52:41.692Z,-0700
2016-10-23T00:52:41.893Z,-0700
2016-10-23T02:16:53.818Z,-0700
2016-10-23T04:05:55.705Z,-0700
2016-10-23T04:47:51.923Z,-0700
2016-10-23T04:49:36.790Z,-0700
2016-10-23T06:11:15.436Z,-0700
2016-10-23T18:00:36.826Z,-0700
2016-10-23T19:16:50.024Z,-0700
2016-10-23T22:02:18.788Z,-0700
2016-10-23T22:16:38.852Z,-0700
2016-10-23T23:09:11.883Z,-0700
2016-10-24T00:35:29.928Z,-0700
2016-10-24T03:41:53.283Z,-0700
2016-10-24T03:41:53.297Z,-0700
2016-10-24T07:03:48.055Z,-0700
2016-10-24T13:43:03.431Z,-0700
2016-10-24T14:55:46.806Z,-0700
2016-10-24T18:14:47.177Z,-0700
2016-10-24T18:14:53.878Z,-0700
2016-10-24T20:41:24.849Z,-0700
2016-10-24T21:54:05.926Z,-0700
2016-10-24T22:29:09.803Z,-0700
2016-10-25T01:08:47.458Z,-0700
2016-10-25T18:39:50.899Z,-0700
2016-10-25T18:55:03.669Z,-0700
2016-10-25T19:14:41.340Z,-0700
2016-10-25T19:32:05.175Z,-0700
2016-10-25T20:10:54.744Z,-0700
2016-10-25T22:00:30.619Z,-0700
2016-10-26T00:09:44.708Z,-0700
2016-10-26T06:04:18.751Z,-0700
2016-10-26T17:02:56.675Z,-0700
2016-10-26T17:59:56.041Z,-0700
2016-10-26T18:11:17.669Z,-0700
2016-10-26T19:30:29.852Z,-0700
2016-10-26T19:50:55.262Z,-0700
2016-10-26T19:58:38.192Z,-0700
2016-10-26T21:50:24.182Z,-0700
2016-10-26T22:39:21.895Z,-0700
2016-10-27T00:02:14.851Z,-0700
2016-10-27T00:02:17.272Z,-0700
2016-10-27T01:21:48.485Z,-0700
2016-10-27T01:28:12.389Z,-0700
2016-10-27T04:26:59.031Z,-0700
2016-10-27T04:32:50.773Z,-0700
2016-10-27T04:32:50.973Z,-0700
2016-10-27T07:12:58.935Z,-0700
2016-10-27T13:05:27.026Z,-0700
2016-10-27T13:14:56.606Z,-0700
2016-10-27T13:34:14.738Z,-0700
2016-10-27T13:40:49.604Z,-0700
2016-10-27T15:06:26.845Z,-0700
2016-10-27T15:59:19.916Z,-0700
2016-10-27T18:08:30.945Z,-0700
2016-10-27T18:10:13.085Z,-0700
2016-10-27T18:53:04.728Z,-0700
2016-10-27T19:24:00.859Z,-0700
2016-10-27T20:42:24.547Z,-0700
2016-10-27T20:45:06.589Z,-0700
2016-10-27T20:49:49.589Z,-0700
2016-10-27T21:16:47.185Z,-0700
2016-10-27T21:20:11.423Z,-0700
2016-10-27T21:49:16.773Z,-0700
2016-10-27T23:02:55.187Z,-0700
2016-10-27T23:07:03.357Z,-0700
2016-10-27T23:08:40.980Z,-0700
2016-10-27T23:10:49.311Z,-0700
2016-10-27T23:20:16.065Z,-0700
2016-10-27T23:21:32.341Z,-0700
2016-10-27T23:48:23.912Z,-0700
2016-10-28T00:09:14.748Z,-0700
2016-10-28T01:11:15.981Z,-0700
2016-10-28T01:47:23.936Z,-0700
2016-10-28T02:10:56.993Z,-0700
2016-10-28T02:37:12.019Z,-0700
2016-10-28T02:55:06.058Z,-0700
2016-10-28T03:55:58.055Z,-0600
2016-10-28T03:57:28.213Z,-0600
2016-10-28T03:57:29.701Z,-0600
2016-10-28T04:13:40.075Z,-0600
2016-10-28T04:37:03.629Z,-0600
2016-10-28T05:43:04.597Z,-0600
2016-10-28T12:57:10.275Z,-0600
2016-10-28T13:09:45.313Z,-0600
2016-10-28T13:09:45.331Z,-0600
2016-10-28T13:27:59.595Z,-0600
2016-10-28T13:30:27.495Z,-0600
2016-10-28T14:30:59.659Z,-0600
2016-10-28T14:33:45.847Z,-0600
2016-10-28T14:41:29.632Z,-0600
2016-10-28T15:28:25.989Z,-0600
2016-10-28T15:44:30.539Z,-0600
2016-10-28T15:47:46.494Z,-0600
2016-10-28T15:56:19.554Z,-0600
2016-10-28T15:57:13.130Z,-0600
2016-10-28T16:05:31.182Z,-0600
2016-10-28T16:09:32.488Z,-0600
2016-10-28T17:32:09.737Z,-0600
2016-10-28T17:51:07.031Z,-0600
2016-10-28T19:41:33.606Z,-0600
2016-10-28T19:44:12.893Z,-0600
2016-10-28T20:04:45.066Z,-0600
2016-10-28T20:09:35.749Z,-0600
2016-10-28T20:16:58.774Z,-0600
2016-10-28T20:39:29.788Z,-0600
2016-10-28T20:57:42.852Z,-0600
2016-10-28T22:54:00.049Z,-0600
2016-10-28T23:02:22.681Z,-0600
2016-10-28T23:56:36.316Z,-0600
2016-10-29T01:13:17.026Z,-0600
2016-10-29T02:09:39.815Z,-0600
2016-10-29T02:20:03.583Z,-0600
2016-10-29T02:21:10.691Z,-0600
2016-10-29T02:59:25.399Z,-0600
2016-10-29T03:22:29.607Z,-0600
2016-10-29T03:50:33.737Z,-0600
2016-10-29T03:56:55.069Z,-0600
2016-10-29T04:19:02.424Z,-0600
2016-10-29T05:36:00.620Z,-0600
2016-10-29T05:38:19.411Z,-0600
2016-10-29T05:45:23.674Z,-0600
2016-10-29T06:15:12.534Z,-0400
2016-10-29T06:20:56.542Z,-0400
2016-10-29T06:28:04.546Z,-0400
2016-10-29T06:28:55.549Z,-0400
2016-10-29T06:31:38.555Z,-0400
2016-10-29T10:13:25.560Z,-0400
2016-10-29T10:20:32.506Z,-0400
2016-10-29T11:06:22.925Z,-0400
2016-10-29T11:46:24.227Z,-0400
2016-10-29T13:39:23.805Z,-0400
2016-10-29T13:58:08.793Z,-0400
2016-10-29T16:17:22.275Z,-0400
2016-10-29T18:12:14.157Z,-0400
2016-10-29T18:30:43.428Z,-0400
2016-10-29T18:57:05.794Z,-0400
2016-10-29T19:05:51.830Z,-0400
2016-10-30T00:05:24.736Z,-0400
2016-10-30T03:29:38.992Z,-0400
2016-10-30T04:07:39.279Z,-0400
2016-10-30T18:06:08.016Z,-0400
2016-10-30T18:06:50.205Z,-0400
2016-10-30T18:34:29.821Z,-0400
2016-10-30T18:37:31.751Z,-0400
2016-10-30T18:37:41.115Z,-0400
2016-10-30T18:43:44.750Z,-0400
2016-10-30T18:46:39.748Z,-0400
2016-10-30T19:31:11.012Z,-0400
2016-10-30T19:35:47.912Z,-0400
2016-10-30T19:38:08.524Z,-0400
2016-10-30T20:04:14.997Z,-0400
2016-10-30T20:06:08.766Z,-0400
2016-10-30T20:23:01.514Z,-0400
2016-10-30T20:29:57.375Z,-0400
2016-10-30T23:20:52.233Z,-0400
2016-10-30T23:28:23.485Z,-0400
2016-10-30T23:30:39.938Z,-0400
2016-10-30T23:41:54.570Z,-0400
2016-10-30T23:54:06.023Z,-0400
2016-10-31T00:44:20.074Z,-0400
2016-10-31T01:42:28.687Z,-0400
2016-10-31T02:43:50.109Z,-0400
2016-10-31T02:47:39.166Z,-0400
2016-10-31T02:54:17.183Z,-0400
2016-10-31T03:42:30.203Z,-0400
2016-10-31T11:26:26.884Z,-0400
2016-10-31T12:24:24.079Z,-0400
2016-10-31T12:37:54.781Z,-0400
2016-10-31T13:45:23.526Z,-0400
2016-10-31T14:11:10.059Z,-0400
2016-10-31T14:12:07.455Z,-0400
2016-10-31T14:18:15.778Z,-0400
2016-10-31T16:00:53.899Z,-0400
2016-10-31T16:06:49.747Z,-0400
2016-10-31T16:10:00.021Z,-0400
2016-10-31T16:23:16.865Z,-0400
2016-10-31T16:53:30.774Z,-0400
2016-10-31T16:57:47.818Z,-0400
2016-10-31T17:40:57.961Z,-0400
2016-10-31T17:49:36.788Z,-0400
2016-10-31T18:04:07.031Z,-0400
2016-10-31T18:15:24.268Z,-0400
2016-10-31T18:15:24.471Z,-0400
2016-10-31T18:16:29.754Z,-0400
2016-10-31T18:44:53.838Z,-0400
2016-10-31T20:12:00.757Z,-0400
2016-10-31T20:13:46.104Z,-0400
2016-10-31T20:14:29.618Z,-0400
2016-10-31T20:16:43.100Z,-0400
2016-10-31T20:16:43.913Z,-0400
2016-10-31T20:43:12.187Z,-0400
2016-10-31T20:43:14.308Z,-0400
2016-10-31T21:02:56.289Z,-0400
2016-10-31T21:29:14.613Z,-0400
2016-10-31T22:29:10.553Z,-0400
2016-10-31T22:29:10.855Z,-0400
2016-10-31T22:29:13.278Z,-0400
2016-10-31T23:51:08.111Z,-0400
2016-11-01T00:16:21.751Z,-0400
2016-11-01T00:31:51.822Z,-0400
2016-11-01T03:48:00.439Z,-0400
2016-11-01T03:48:03.451Z,-0400
2016-11-01T03:52:37.455Z,-0400
2016-11-01T04:15:53.458Z,-0400
2016-11-01T05:32:45.462Z,-0400
2016-11-01T06:10:38.470Z,-0400
2016-11-01T06:47:07.474Z,-0400
2016-11-01T07:24:41.483Z,-0400
2016-11-01T07:41:45.492Z,-0400
2016-11-01T08:25:33.497Z,-0400
2016-11-01T08:30:31.035Z,-0400
2016-11-01T09:08:04.734Z,+0100
2016-11-01T09:26:51.620Z,+0100
2016-11-01T09:26:52.644Z,+0100
2016-11-01T09:26:52.655Z,+0100
2016-11-01T09:31:11.659Z,+0100
2016-11-01T09:34:17.662Z,+0100
2016-11-01T09:40:33.665Z,+0100
2016-11-01T09:51:57.669Z,+0100
2016-11-01T09:58:25.675Z,+0100
2016-11-01T09:58:27.678Z,+0100
2016-11-01T10:43:59.275Z,+0100
2016-11-01T10:45:34.961Z,+0100
2016-11-01T10:45:34.985Z,+0100
2016-11-01T10:47:12.347Z,+0100
2016-11-01T11:16:11.942Z,+0100
2016-11-01T11:59:03.608Z,+0100
2016-11-01T13:02:11.750Z,+0100
2016-11-01T14:44:46.918Z,+0100
2016-11-01T16:41:10.480Z,+0100
2016-11-01T17:10:35.605Z,+0100
2016-11-01T20:28:54.575Z,+0100
2016-11-01T21:35:03.177Z,+0100
2016-11-01T21:46:06.290Z,+0100
2016-11-01T22:03:34.295Z,+0100
2016-11-01T22:09:54.154Z,+0100
2016-11-01T22:44:56.368Z,+0100
2016-11-02T08:22:20.798Z,+0100
2016-11-02T19:45:56.489Z,+0100
2016-11-03T07:20:30.433Z,+0100
2016-11-03T08:21:20.241Z,+0100
2016-11-03T09:34:13.094Z,+0100
2016-11-03T09:45:04.109Z,+0100
2016-11-03T12:04:37.117Z,+0100
2016-11-03T12:31:44.772Z,+0100
2016-11-03T13:11:12.809Z,+0100
2016-11-03T13:11:15.820Z,+0100
2016-11-03T13:28:55.837Z,+0100
2016-11-03T13:44:44.419Z,+0200
2016-11-03T15:01:37.250Z,+0200
2016-11-03T17:45:39.472Z,+0200
2016-11-04T06:09:51.590Z,+0200
2016-11-04T07:24:50.547Z,+0200
2016-11-04T07:24:54.828Z,+0200
2016-11-04T08:54:12.167Z,+0200
2016-11-04T14:44:35.616Z,+0200
2016-11-05T11:16:39.978Z,+0200
2016-11-05T13:46:37.146Z,+0200
2016-11-05T16:47:51.903Z,+0200
2016-11-05T18:16:33.502Z,+0200
2016-11-05T18:16:34.310Z,+0200
2016-11-05T18:16:35.157Z,+0200
2016-11-05T18:16:35.731Z,+0200
2016-11-05T21:23:46.621Z,+0200
2016-11-05T21:56:41.567Z,+0200
2016-11-06T02:54:07.355Z,+0200
2016-11-06T04:16:05.628Z,+0200
2016-11-06T04:21:03.904Z,+0200
2016-11-06T04:59:58.176Z,+0200
2016-11-06T05:31:25.530Z,+0200
2016-11-06T08:12:03.026Z,+0100
2016-11-06T09:38:18.513Z,+0100
2016-11-06T10:19:48.583Z,+0100
2016-11-06T11:05:45.954Z,+0100
2016-11-06T15:20:57.855Z,+0100
2016-11-06T16:50:53.197Z,+0100
2016-11-07T12:23:59.770Z,+0100
2016-11-07T14:43:33.619Z,+0100
2016-11-07T18:52:23.948Z,+0100
2016-11-07T21:23:40.056Z,+0100
2016-11-08T06:25:19.659Z,+0100
2016-11-08T08:03:55.308Z,+0100
2016-11-08T08:36:23.390Z,+0100
2016-11-08T10:36:30.642Z,+0100
2016-11-08T10:36:57.518Z,+0100
2016-11-08T10:59:37.090Z,+0100
2016-11-09T08:14:55.005Z,+0100
2016-11-09T11:25:01.435Z,+0100
2016-11-09T11:28:31.868Z,+0100
2016-11-09T17:50:36.060Z,+0100
2016-11-09T20:24:39.794Z,+0100
2016-11-09T21:23:08.603Z,+0100
2016-11-10T08:42:34.768Z,+0100
2016-11-10T08:44:22.138Z,+0100
2016-11-10T08:57:59.091Z,+0100
2016-11-10T09:14:34.248Z,+0100
2016-11-10T13:27:15.066Z,+0100
2016-11-10T13:49:00.338Z,+0100
2016-11-10T15:35:33.351Z,+0100
2016-11-10T18:45:31.609Z,+0100
2016-11-10T19:53:16.671Z,+0100
2016-11-10T21:00:26.063Z,+0100
2016-11-10T22:04:18.546Z,+0100
2016-11-11T06:15:24.458Z,+0100
2016-11-11T06:30:09.503Z,+0100
2016-11-11T06:35:34.883Z,+0100
2016-11-11T07:06:35.057Z,+0100
2016-11-11T09:34:34.193Z,+0100
2016-11-11T13:08:34.575Z,+0100
2016-11-11T22:58:44.421Z,+0100
2016-11-12T08:57:41.972Z,+0100
2016-11-12T13:17:11.612Z,+0100
2016-11-12T17:19:35.020Z,+0100
2016-11-12T19:57:33.590Z,+0100
2016-11-12T20:45:46.602Z,+0100
2016-11-12T23:31:04.859Z,+0100
2016-11-12T23:46:02.656Z,+0100
2016-11-13T07:32:10.982Z,+0100
2016-11-13T07:45:00.330Z,+0100
2016-11-13T10:02:12.723Z,+0100
2016-11-13T16:57:05.735Z,+0100
2016-11-13T20:28:37.588Z,+0100
2016-11-13T22:54:02.054Z,+0100
2016-11-14T04:54:35.826Z,+0100
2016-11-14T05:11:38.989Z,+0100
2016-11-14T05:11:46.739Z,+0100
2016-11-14T06:35:57.175Z,+0100
2016-11-14T07:23:46.985Z,+0100
2016-11-14T08:27:31.250Z,+0100
2016-11-14T10:10:31.003Z,+0100
2016-11-14T11:48:23.641Z,+0100
2016-11-14T13:15:07.449Z,+0100
2016-11-14T14:58:07.993Z,+0100
2016-11-14T14:59:34.383Z,+0100
2016-11-14T18:36:53.785Z,+0100
2016-11-14T19:38:00.850Z,+0100
2016-11-14T23:26:11.848Z,+0100
2016-11-15T12:25:12.205Z,+0100
2016-11-15T18:05:25.756Z,+0100
2016-11-16T08:20:23.774Z,+0100
2016-11-16T09:00:39.681Z,+0100
2016-11-16T23:02:10.614Z,+0100
2016-11-17T03:35:16.713Z,+0100
2016-11-17T04:09:12.658Z,+0100
2016-11-17T04:09:12.840Z,+0100
2016-11-17T04:12:21.496Z,+0100
2016-11-17T04:35:24.036Z,+0100
2016-11-17T04:39:04.792Z,+0100
2016-11-17T05:00:52.342Z,+0100
2016-11-17T06:42:19.364Z,+0100
2016-11-17T11:40:56.385Z,+0100
2016-11-17T11:41:41.214Z,+0100
2016-11-17T11:47:20.420Z,+0100
2016-11-17T14:21:56.809Z,+0200
2016-11-17T14:57:19.641Z,+0200
2016-11-17T15:06:01.529Z,+0200
2016-11-17T15:32:20.889Z,+0200
2016-11-17T15:32:21.139Z,+0200
2016-11-17T18:21:18.997Z,+0200
2016-11-17T19:20:20.801Z,+0200
2016-11-17T20:04:36.870Z,+0200
2016-11-17T20:24:21.365Z,+0200
2016-11-17T20:46:28.128Z,+0200
2016-11-17T20:48:52.744Z,+0200
2016-11-17T21:30:46.917Z,+0200
2016-11-18T04:43:41.987Z,+0200
2016-11-18T08:37:53.669Z,+0200
2016-11-18T09:41:17.954Z,+0200
2016-11-18T15:08:28.777Z,+0200
2016-11-18T16:50:38.738Z,+0200
2016-11-18T16:50:39.379Z,+0200
2016-11-18T18:44:50.680Z,+0200
2016-11-18T22:44:12.322Z,+0200
2016-11-18T22:44:12.631Z,+0200
2016-11-18T22:44:44.021Z,+0200
2016-11-19T11:20:12.085Z,+0200
2016-11-19T11:29:20.222Z,+0200
2016-11-19T17:35:06.004Z,+0200
2016-11-19T17:35:06.724Z,+0200
2016-11-19T18:25:41.851Z,+0200
2016-11-19T19:38:18.338Z,+0200
2016-11-19T21:31:22.889Z,+0200
2016-11-19T22:08:13.156Z,+0200
2016-11-20T07:27:59.938Z,+0200
2016-11-20T15:11:41.825Z,+0200
2016-11-20T15:11:41.838Z,+0200
2016-11-20T15:51:58.691Z,+0200
2016-11-20T17:10:13.390Z,+0200
2016-11-20T18:30:14.394Z,+0200
2016-11-20T20:18:12.037Z,+0200
2016-11-21T19:31:19.223Z,+0200
2016-11-21T21:55:04.126Z,+0100
2016-11-22T10:59:59.022Z,+0100
2016-11-22T13:02:36.381Z,+0100
2016-11-22T13:02:38.453Z,+0100
2016-11-22T13:02:38.484Z,+0100
2016-11-22T13:02:38.487Z,+0100
2016-11-22T16:21:26.491Z,+0100
2016-11-22T16:21:26.794Z,+0100
2016-11-22T16:34:35.326Z,+0100
2016-11-22T16:41:46.164Z,+0100
2016-11-22T17:06:52.447Z,+0100
2016-11-22T17:08:38.658Z,+0100
2016-11-22T17:41:13.792Z,+0100
2016-11-22T18:23:12.026Z,+0100
2016-11-22T18:23:53.215Z,+0100
2016-11-22T18:37:28.203Z,+0100
2016-11-22T18:37:31.733Z,+0100
2016-11-22T18:49:11.186Z,+0100
2016-11-22T18:49:54.227Z,+0100
2016-11-22T18:49:56.660Z,+0100
2016-11-22T18:49:56.681Z,+0100
2016-11-22T18:49:56.787Z,+0100
2016-11-22T18:49:56.812Z,+0100
2016-11-22T19:02:04.595Z,+0100
2016-11-22T19:17:13.573Z,+0100
2016-11-22T19:59:30.156Z,+0100
2016-11-22T21:23:51.066Z,+0100
2016-11-22T22:10:46.800Z,+0100
2016-11-22T22:35:37.916Z,+0100
2016-11-23T00:13:53.455Z,+0100
2016-11-23T00:13:55.504Z,+0100
2016-11-23T00:13:57.513Z,+0100
2016-11-23T14:05:22.522Z,+0100
2016-11-23T14:51:26.060Z,+0100
2016-11-23T20:53:27.703Z,+0100
2016-11-23T22:34:51.205Z,+0100
2016-11-24T04:26:54.944Z,+0100
2016-11-24T11:23:22.527Z,+0100
2016-11-24T11:32:16.025Z,+0100
2016-11-24T17:32:31.603Z,+0100
2016-11-24T19:12:42.003Z,+0100
2016-11-24T19:15:49.611Z,+0100
2016-11-24T21:15:26.375Z,+0100
2016-11-25T07:51:05.735Z,+0100
2016-11-25T08:02:46.912Z,+0100
2016-11-25T08:41:57.015Z,+0100
2016-11-25T10:32:21.535Z,+0100
2016-11-25T13:52:52.524Z,+0100
2016-11-26T00:07:24.004Z,+0100
2016-11-26T09:23:31.717Z,+0100
2016-11-26T11:04:21.762Z,+0100
2016-11-26T18:47:27.562Z,+0100
2016-11-26T23:33:48.389Z,+0100
2016-11-27T13:00:56.425Z,+0100
2016-11-27T19:10:16.160Z,+0100
2016-11-27T19:10:16.170Z,+0100
2016-11-27T19:46:09.077Z,+0100
2016-11-27T21:18:43.777Z,+0100
2016-11-27T21:42:43.824Z,+0100
2016-11-28T07:43:52.793Z,+0100
2016-11-28T07:51:00.664Z,+0100
2016-11-28T08:56:22.912Z,+0100
2016-11-28T13:57:10.704Z,+0100
2016-11-28T14:31:45.860Z,+0100
2016-11-28T17:40:39.844Z,+0100
2016-11-28T19:00:59.648Z,+0100
2016-11-28T19:50:40.359Z,+0100
2016-11-29T12:16:29.889Z,+0100
2016-11-29T19:50:10.186Z,+0100
2016-11-29T19:50:10.215Z,+0100
2016-11-30T13:25:19.219Z,+0100
2016-11-30T16:41:02.225Z,+0100
2016-11-30T18:45:31.271Z,+0100
2016-11-30T19:37:17.180Z,+0100
2016-12-01T04:22:44.799Z,+0100
2016-12-01T05:09:12.866Z,+0100
2016-12-01T05:19:42.739Z,+0100
2016-12-01T05:37:20.411Z,+0100
2016-12-01T05:37:20.474Z,+0100
2016-12-01T05:40:01.219Z,+0100
2016-12-01T05:55:44.590Z,+0100
2016-12-01T05:56:17.605Z,+0100
2016-12-01T06:08:17.950Z,+0100
2016-12-01T06:08:22.470Z,+0100
2016-12-01T08:51:28.126Z,+0100
2016-12-01T09:54:52.520Z,+0100
2016-12-01T10:13:22.493Z,+0100
2016-12-01T20:29:34.680Z,+0100
2016-12-01T21:47:31.842Z,+0100
2016-12-01T21:57:15.748Z,+0100
2016-12-02T10:08:19.474Z,+0100
2016-12-02T16:07:18.336Z,+0100
2016-12-02T17:00:10.364Z,+0100
2016-12-02T17:00:10.367Z,+0100
2016-12-02T17:58:58.436Z,+0100
2016-12-02T19:33:34.427Z,+0100
2016-12-02T20:22:58.335Z,+0100
2016-12-02T23:20:49.356Z,+0100
2016-12-03T01:22:39.512Z,+0100
2016-12-03T09:31:16.544Z,+0100
2016-12-03T12:05:06.550Z,+0100
2016-12-03T20:07:16.557Z,+0100
2016-12-03T23:59:56.754Z,+0100
2016-12-04T13:00:38.272Z,+0100
2016-12-04T19:39:02.112Z,+0100
2016-12-04T20:26:49.124Z,+0100
2016-12-04T21:19:35.261Z,+0100
2016-12-05T08:12:25.943Z,+0100
2016-12-05T11:16:39.190Z,+0100
2016-12-05T12:11:40.085Z,+0100
2016-12-05T16:26:06.746Z,+0100
2016-12-05T16:37:14.754Z,+0100
2016-12-05T18:38:48.757Z,+0100
2016-12-05T20:17:16.130Z,+0100
2016-12-05T21:04:03.459Z,+0100
2016-12-05T23:36:53.577Z,+0100
2016-12-06T06:32:25.201Z,+0100
2016-12-06T07:55:14.595Z,+0100
2016-12-06T08:04:08.300Z,+0100
2016-12-06T08:08:19.566Z,+0100
2016-12-06T08:26:01.323Z,+0100
2016-12-06T10:51:03.047Z,+0100
2016-12-06T11:12:21.027Z,+0100
2016-12-06T11:45:52.088Z,+0100
2016-12-06T12:33:45.761Z,+0100
2016-12-06T12:53:25.317Z,+0100
2016-12-06T13:08:16.087Z,+0100
2016-12-06T13:21:18.578Z,+0100
2016-12-06T15:16:39.947Z,+0100
2016-12-06T15:16:39.965Z,+0100
2016-12-06T15:16:39.978Z,+0100
2016-12-06T15:26:49.649Z,+0100
2016-12-06T15:57:38.670Z,+0100
2016-12-06T16:56:49.803Z,+0100
2016-12-06T17:20:48.320Z,+0100
2016-12-06T17:24:30.846Z,+0100
2016-12-06T19:13:21.926Z,+0100
2016-12-06T20:30:01.943Z,+0100
2016-12-06T20:45:45.879Z,+0100
2016-12-06T22:07:35.507Z,+0100
2016-12-06T22:28:09.930Z,+0100
2016-12-06T22:40:03.962Z,+0100
2016-12-06T23:36:48.960Z,+0100
2016-12-07T09:08:01.132Z,+0100
2016-12-07T09:13:40.864Z,+0100
2016-12-07T09:21:17.674Z,+0100
2016-12-07T11:01:13.078Z,+0100
2016-12-07T11:14:33.091Z,+0100
2016-12-07T12:20:26.221Z,+0100
2016-12-07T12:30:23.462Z,+0100
2016-12-07T13:37:09.454Z,+0100
2016-12-07T14:25:08.081Z,+0100
2016-12-07T15:35:48.744Z,+0100
2016-12-07T15:37:21.504Z,+0100
2016-12-07T16:01:30.026Z,+0100
2016-12-07T16:42:03.077Z,+0100
2016-12-07T17:03:12.539Z,+0100
2016-12-07T17:28:34.124Z,+0100
2016-12-07T19:04:51.259Z,+0100
2016-12-07T19:06:34.079Z,+0100
2016-12-07T19:56:39.942Z,+0100
2016-12-07T19:58:49.834Z,+0100
2016-12-07T20:53:40.550Z,+0100
2016-12-07T21:20:57.567Z,+0100
2016-12-07T21:22:37.599Z,+0100
2016-12-07T21:25:55.927Z,+0100
2016-12-07T21:39:29.936Z,+0100
2016-12-08T09:08:40.154Z,+0100
2016-12-08T09:19:57.162Z,+0100
2016-12-08T09:21:23.190Z,+0100
2016-12-08T09:33:06.106Z,+0100
2016-12-08T09:58:19.395Z,+0100
2016-12-08T11:42:23.085Z,+0100
2016-12-08T12:40:21.662Z,+0100
2016-12-08T13:13:06.481Z,+0100
2016-12-08T13:32:12.663Z,+0100
2016-12-08T15:15:10.836Z,+0100
2016-12-08T15:48:20.236Z,+0100
2016-12-08T16:42:11.442Z,+0100
2016-12-08T19:24:10.549Z,+0100
2016-12-08T20:48:39.135Z,+0100
2016-12-08T21:36:03.137Z,+0100
2016-12-09T07:15:00.848Z,+0100
2016-12-09T07:27:53.718Z,+0100
2016-12-09T08:35:03.298Z,+0100
2016-12-09T08:46:59.756Z,+0100
2016-12-09T12:00:40.440Z,+0100
2016-12-09T12:00:40.454Z,+0100
2016-12-09T15:27:41.687Z,+0100
2016-12-09T15:28:48.669Z,+0100
2016-12-09T15:33:00.614Z,+0100
2016-12-09T15:52:22.774Z,+0100
2016-12-09T17:32:16.594Z,+0100
2016-12-09T19:06:12.217Z,+0100
2016-12-09T19:58:42.605Z,+0100
2016-12-09T22:01:37.619Z,+0100
2016-12-10T09:56:13.626Z,+0100
2016-12-10T11:36:35.447Z,+0100
2016-12-10T12:57:40.459Z,+0100
2016-12-10T18:47:29.469Z,+0100
2016-12-10T21:33:52.812Z,+0100
2016-12-10T23:35:12.420Z,+0100
2016-12-11T07:37:08.453Z,+0100
2016-12-11T07:41:41.945Z,+0100
2016-12-11T07:45:51.943Z,+0100
2016-12-11T07:48:14.588Z,+0100
2016-12-11T15:36:22.460Z,+0100
2016-12-11T16:35:13.817Z,+0100
2016-12-11T17:26:59.394Z,+0100
2016-12-11T18:25:42.398Z,+0100
2016-12-11T20:48:29.815Z,+0100
2016-12-11T21:26:12.883Z,+0100
2016-12-11T21:31:51.603Z,+0100
2016-12-12T06:30:35.049Z,+0100
2016-12-12T07:28:22.819Z,+0100
2016-12-12T08:28:07.730Z,+0100
2016-12-12T10:20:00.416Z,+0100
2016-12-12T12:18:09.319Z,+0100
2016-12-12T13:24:13.085Z,+0100
2016-12-12T13:25:58.059Z,+0100
2016-12-12T18:59:33.137Z,+0100
2016-12-12T19:41:08.040Z,+0100
2016-12-12T19:47:01.642Z,+0100
2016-12-12T21:35:17.043Z,+0100
2016-12-13T06:11:48.864Z,+0100
2016-12-13T06:27:22.707Z,+0100
2016-12-13T06:44:16.450Z,+0100
2016-12-13T07:54:20.451Z,+0100
2016-12-13T12:59:01.555Z,+0100
2016-12-13T13:45:26.211Z,+0100
2016-12-13T17:16:08.365Z,+0100
2016-12-13T19:25:46.742Z,+0100
2016-12-13T19:46:25.023Z,+0100
2016-12-13T19:52:57.632Z,+0100
2016-12-13T20:22:28.972Z,+0100
2016-12-14T06:00:03.931Z,+0100
2016-12-14T06:14:31.034Z,+0100
2016-12-14T08:47:34.609Z,+0100
2016-12-14T17:51:30.813Z,+0100
2016-12-15T09:24:55.007Z,+0100
2016-12-15T09:56:52.028Z,+0100
2016-12-15T16:43:25.529Z,+0100
2016-12-15T19:27:33.545Z,+0100
2016-12-15T20:22:53.550Z,+0100
2016-12-16T06:27:26.337Z,+0100
2016-12-16T06:32:17.766Z,+0100
2016-12-16T07:43:02.545Z,+0100
2016-12-16T21:33:10.672Z,+0100
